{"cameraMode":{"drawMode":0,"name":"Shaded","section":"Shading Mode"},"sceneLighting":false,"audioPlay":false,"sceneViewState":{"showFog":true,"showMaterialUpdate":false,"showSkybox":false,"showFlares":true,"showImageEffects":true,"showParticleSystems":true},"in2DMode":false,"pivot":{"x":-4.272434234619141,"y":0.8675756454467773,"z":0.43555957078933718},"rotation":{"x":-0.08982578665018082,"y":-0.908301830291748,"z":0.2566949725151062,"w":-0.31784719228744509},"size":2.9882771968841554,"orthographic":false}