{"cameraMode":{"drawMode":0,"name":"Shaded","section":"Shading Mode"},"sceneLighting":true,"audioPlay":false,"sceneViewState":{"showFog":true,"showMaterialUpdate":false,"showSkybox":false,"showFlares":true,"showImageEffects":true,"showParticleSystems":true},"in2DMode":false,"pivot":{"x":7.822205543518066,"y":1.2335678339004517,"z":6.218091011047363},"rotation":{"x":0.12822677195072175,"y":0.5580054521560669,"z":-0.08777565509080887,"w":0.8151584267616272},"size":2.2570838928222658,"orthographic":false}