{"cameraMode":{"drawMode":0,"name":"Shaded","section":"Shading Mode"},"sceneLighting":true,"audioPlay":false,"sceneViewState":{"showFog":true,"showMaterialUpdate":false,"showSkybox":false,"showFlares":true,"showImageEffects":true,"showParticleSystems":true},"in2DMode":false,"pivot":{"x":0.10541583597660065,"y":0.9883706569671631,"z":6.055062294006348},"rotation":{"x":0.31855589151382449,"y":0.2014896720647812,"z":-0.06949233263731003,"w":0.9236313700675964},"size":3.8289413452148439,"orthographic":false}