{"cameraMode":{"drawMode":0,"name":"Shaded","section":"Shading Mode"},"sceneLighting":true,"audioPlay":false,"sceneViewState":{"showFog":true,"showMaterialUpdate":false,"showSkybox":false,"showFlares":true,"showImageEffects":true,"showParticleSystems":true},"in2DMode":false,"pivot":{"x":-0.021235153079032899,"y":0.9288737773895264,"z":6.088050842285156},"rotation":{"x":0.003979234956204891,"y":0.9940928816795349,"z":-0.10116708278656006,"w":0.03910030424594879},"size":6.971256732940674,"orthographic":false}