{"cameraMode":{"drawMode":0,"name":"Shaded","section":"Shading Mode"},"sceneLighting":false,"audioPlay":false,"sceneViewState":{"showFog":true,"showMaterialUpdate":false,"showSkybox":false,"showFlares":true,"showImageEffects":true,"showParticleSystems":true},"in2DMode":false,"pivot":{"x":1.0,"y":1.590000033378601,"z":-8.050000190734864},"rotation":{"x":-0.042036257684230807,"y":0.9351776242256165,"z":-0.11875797063112259,"w":-0.33101704716682436},"size":3.4015631675720217,"orthographic":false}